{"cameraMode":{"drawMode":0,"name":"Shaded","section":"Shading Mode"},"sceneLighting":false,"audioPlay":false,"sceneViewState":{"showFog":true,"showMaterialUpdate":false,"showSkybox":true,"showFlares":true,"showImageEffects":true,"showParticleSystems":true},"in2DMode":false,"pivot":{"x":21.17917251586914,"y":2.999999761581421,"z":-34.94998550415039},"rotation":{"x":-0.006461638957262039,"y":-0.8506467342376709,"z":0.010476795956492424,"w":-0.5256134867668152},"size":4.041658401489258,"orthographic":false}