{"cameraMode":{"drawMode":0,"name":"Shaded","section":"Shading Mode"},"sceneLighting":false,"audioPlay":false,"sceneViewState":{"showFog":true,"showMaterialUpdate":false,"showSkybox":true,"showFlares":true,"showImageEffects":true,"showParticleSystems":true},"in2DMode":false,"pivot":{"x":-574.4306640625,"y":8.329948425292969,"z":-575.4154663085938},"rotation":{"x":0.01915162429213524,"y":0.9762446880340576,"z":0.09696518629789353,"w":-0.19281794130802155},"size":12.425726890563965,"orthographic":false}