{"cameraMode":{"drawMode":0,"name":"Shaded","section":"Shading Mode"},"sceneLighting":false,"audioPlay":false,"sceneViewState":{"showFog":true,"showMaterialUpdate":false,"showSkybox":true,"showFlares":true,"showImageEffects":true,"showParticleSystems":true},"in2DMode":false,"pivot":{"x":23.14686393737793,"y":2.785200357437134,"z":-30.850299835205079},"rotation":{"x":0.07908489555120468,"y":-0.38402989506721499,"z":0.03302948549389839,"w":0.9193426966667175},"size":0.2758026421070099,"orthographic":false}