{"cameraMode":{"drawMode":0,"name":"Shaded","section":"Shading Mode"},"sceneLighting":false,"audioPlay":false,"sceneViewState":{"showFog":true,"showMaterialUpdate":false,"showSkybox":true,"showFlares":true,"showImageEffects":true,"showParticleSystems":true},"in2DMode":false,"pivot":{"x":24.128137588500978,"y":2.0179080963134767,"z":-13.611947059631348},"rotation":{"x":-0.02800632081925869,"y":0.9650934934616089,"z":-0.23312430083751679,"w":-0.11640310287475586},"size":14.600879669189454,"orthographic":false}