{"cameraMode":{"drawMode":0,"name":"Shaded","section":"Shading Mode"},"sceneLighting":false,"audioPlay":false,"sceneViewState":{"showFog":true,"showMaterialUpdate":false,"showSkybox":true,"showFlares":true,"showImageEffects":true,"showParticleSystems":true},"in2DMode":false,"pivot":{"x":22.742399215698243,"y":3.71703839302063,"z":-29.497188568115236},"rotation":{"x":0.043683286756277087,"y":-0.07456453889608383,"z":0.00314547261223197,"w":0.9962915182113648},"size":0.5125576257705689,"orthographic":false}