{"cameraMode":{"drawMode":0,"name":"Shaded","section":"Shading Mode"},"sceneLighting":false,"audioPlay":false,"sceneViewState":{"showFog":true,"showMaterialUpdate":false,"showSkybox":true,"showFlares":true,"showImageEffects":true,"showParticleSystems":true},"in2DMode":false,"pivot":{"x":23.210731506347658,"y":2.896087169647217,"z":-30.954559326171876},"rotation":{"x":-0.11275623738765717,"y":-0.24734781682491303,"z":-0.029002582654356958,"w":0.9619141817092896},"size":0.2758026421070099,"orthographic":false}